{
  "data": [
    {
      "id": "01",
      "name": " Ajay Parvathi yadav",
      "email": "ajay@gmail.com",
      "mobileNumber": "8885798326"
    },
    {
      "name": "saipavan",
      "email": "saipavan@gmail.com",
      "mobileNumber": "9784164325",
      "id": "1XwSL_c"
    },
    {
      "name": "Manoj",
      "email": "manojperfex@gmail.com",
      "mobileNumber": "8462549716",
      "id": "Ro5l5Gn"
    },
    {
      "name": "Annaiah",
      "email": "annaiah@gmail.com",
      "mobileNumber": "8341953268",
      "id": "U1sOCho"
    },
    {
      "name": "saipavan",
      "email": "manojperfex@gmail.com",
      "mobileNumber": "78009809",
      "id": "Y10c0pi"
    },
    {
      "name": "saipavan",
      "email": "banojperfex@gmail.com",
      "mobileNumber": "8464648968",
      "id": "3Ehc8aE"
    },
    {
      "name": "saipavan",
      "email": "manojperfex@gmail.com",
      "mobileNumber": "7946464896",
      "id": "_7zY0Zn"
    }
  ]
}