{
  "data": [
    {
      "id": "01",
      "name": " Ajay Parvathi",
      "email": "ajay@gmail.com",
      "mobileNumber": "8885798326"
    },
    {
      "name": "saipavan",
      "email": "saipavan@gmail.com",
      "mobileNumber": "9784164325",
      "id": "1XwSL_c"
    },
    {
      "name": "Manoj",
      "email": "manojperfex@gmail.com",
      "mobileNumber": "8462549715",
      "id": "Ro5l5Gn"
    },
    {
      "name": "Annaiah",
      "email": "annaiah@gmail.com",
      "mobileNumber": "8341953268",
      "id": "U1sOCho"
    },
    {
      "name": "saipavan",
      "email": "banojperfex@gmail.com",
      "mobileNumber": "8464648968",
      "id": "3Ehc8aE"
    },
    {
      "name": "saipavan",
      "email": "manojperfex@gmail.com",
      "mobileNumber": "9464648969",
      "id": "_7zY0Zn"
    },
    {
      "name": "koushik",
      "email": "ajju123@gmail.com",
      "mobileNumber": "8123999999",
      "id": "wJxM-jK"
    },
    {
      "name": "saipavan",
      "email": "ajju123@gmail.com",
      "mobileNumber": "9800980996",
      "id": "LuZv37K"
    },
    {
      "name": "koushik",
      "email": "manojperfex@gmail.com",
      "mobileNumber": "8464648968",
      "id": "FvhwKcz"
    },
    {
      "name": "saipavan",
      "email": "manojperfex@gmail.com",
      "mobileNumber": "9464648900",
      "id": "uG83lZG"
    },
    {
      "name": "saipavan",
      "email": "manojperfex@gmail.com",
      "mobileNumber": "9464648969",
      "id": "9Yri3xg"
    }
  ]
}